Model,Days,VaR Breaches,Breach Ratio,Kupiec p-val,Christoffersen p-val,ES Z-score,ES Result
Gaussian,1341,35 (Exp: 13.4),2.61,8.127711507155411e-07,0.012628500472150472,-3.5740785906367463,Reject
StudentT,1341,13 (Exp: 13.4),0.97,0.9099507080803069,0.00498824461687164,0.2731696145984827,Pass
Gumbel,1341,22 (Exp: 13.4),1.64,0.030917493173897026,0.05048878964175596,-2.19989504604461,Marginal
Clayton,1341,20 (Exp: 13.4),1.49,0.09182817603496041,0.03368915008693196,-2.2369442524897765,Marginal
