Model,VaR Breaches,Kupiec p-val,Christoffersen p-val,Basel Zone,ES Z-stat,ES Pass/Fail,Tail Ratio,Max Deviation
Gaussian,15 (Exp: 13.4),0.6684758402411168,0.15728298917821193,Green Zone,-4.804410938457394,Reject,1.2988881899112024,-7.442784008947733
StudentT,14 (Exp: 13.4),0.872272214042687,0.13403256704491762,Green Zone,-4.887156533900152,Reject,1.2922244922969637,-7.442784008947733
Gumbel,128 (Exp: 13.4),0.0,0.14931584465959702,Red Zone,-9.246515678311837,Reject,1.310881891579543,-8.641542078466319
Clayton,17 (Exp: 13.4),0.34414032528653393,0.2095861304320138,Green Zone,-4.436397955813323,Reject,1.320280030117697,-7.442784008947733
